Date Collected,Plot,Waypoint,Block,Treatment,Plot,Bare Ground,Litter,Ach mil,Ago gla,Agr sca,And sep,Ane mul,Ane pat,Ant neg,Ara div,Ara hir,Art fri,Art lud,Ast das,Ast  fal,Ast fle,Ast fel,Ast lae,Bou gra,Bro ine,Carex,Cal mon,Cam rot,Cer arv,Che alb,Cir umb,Col lin,Com umb,Con arv,Cow pat,Dan int,Ely tra,Eri cae,Eri gla,Ery che,Frag vir,Fes hal,Fossorial animal activity,Gai ari,Gal bor,Geu tri,Hel hoo,Het vil ,Koe mac,Lac tat,Lath och,Mel alb,Mon fis,Ort leu,Oxy ser,Pas smi,Pen alb,Poa ari,Poa prat,Pop tre,Pot arg,Ros ark,Rub ida,Ser arv,Sil lat,Sol mis,Sti cur,Sti vir,Sym occ,Tar off,The rho,Tra dub,Unknown Astralagus,Unknown Crepsis = Hieracium umbellatum,Unknown hawkweed,Unknown forb (dodecatheon sp.?),Vic ame,Vio adu,Vio ped,
August 15,1,897,1,Sun/Fert/Thin,1,70,25,,,,,,,,,,30,,,15,,,,20,,,,,,20,,,3,,,,,,,,,,,,,,,,,,,,,,,15,,,50,,,,,,,,,,,,,,,,,,,,,
August 15,2,897,1,Shade/No fert/Thin,2,10,90,,,,,,,,,,20,,,15,,,,,,,,,,,,,,,,,5,,,,,,,,,,,,,,,,,,,10,,2,40,,,,,,,,10,,,,,,,,,,,,,
August 15,3,897,1,Shade/Fert/Thin,3,5,100,,,,,,,,,,10,80,,5,,,,,,,,,,,,,,,,,,,,,,,,,,,,,,,,,,,,2,,,75,,,,,,,,,,,,,,,,,,,,,
August 15,4,897,1,Amb/Fert/Thin,4,50,50,,,,,,,,,,10,,,5,,,,,,,,,,30,,,,,,,,,,,,,,,,,,,,,,,,,,20,,,25,,,,,,,,2,,,,,,,,,,,,,
August 15,5,897,1,Sun/No fert/Thin,5,25,80,10,,,,,,,,,,,1,5,,,,10,,,,,,,,,,,,,10,,,,,,,,,,,,,,,,,,,5,,,35,,,,,,,,,,,,,,,,,,,,,
August 15,6,897,1,Shade/No fert/No thin,6,0,120,5,,,,,,,,,,,,5,,,,,,,,,,,,,,,,,,,,,,,,,,,,,,,,,,,,5,,,70,,,,,,,,,,,,,,,,,,,,,
August 15,7,897,1,Amb/No fert/Thin,7,25,80,,,,,,,,,,35,,,,,,,,,,,,,,,,,,,,,,,,,,,,,,,,,,,,,,,10,,,10,,,,,,,,25,,,,,,,,,,,,,
August 15,8,897,1,Amb/Fert/No thin,8,60,40,,,,,,,,,,,,,,,,,,,,,,,,,,,,,,,,,,,,,,,,,,,,,,,,,5,,,100,,,,,,,,,,,,,,,,,,,,,
August 15,9,897,1,Shade/Fert/No thin,9,0,150,,,,,,,,,,,,,5,,,,,,,,,,,,,,,,,,,,,,,,,,,,,,,,,,,,5,,,150,,,,,,,,,,,,,,,,,,,,,
August 15,10,897,1,Sun/Fert/No thin,10,25,70,,,,,,,,,,15,,,10,,,,,,2,,,,15,,,,,,,5,,,,,,,,,,,,,,,,,,,10,,,70,,,,,,,,,,,,,,,,,,,,,
August 15,11,897,1,Sun/No fert/No thin,11,25,80,5,,,,,,,,1,2,,,10,,,,,,,,,,,,,,,,,,,,,,,,,,,,,2,,,,,,,8,,,40,,,,,,,,,,,,,,,,,,,,,
August 15,12,897,1,Amb/No fert/No thin,12,15,90,3,,,,,,,,,,,,25,,,,,,,,,,,,,,,,,,,,,,,,,,,,,,,,,,,,10,,,30,,,,,,,,,,,,,,,,,,,,,
August 15,13,966,2,Sun/No fert/Thin,13,80,20,,,,,,,,,,,,,20,,,,,,,,,,1,,,8,,,,,,,,,20,,,,,,,,,,,,,,8,,,,,,8,,,,2,40,,,,,,,,,,,,,
August 15,14,966,2,Sun/Fert/Thin,14,70,40,,,,,,5,,,,,,,20,,,5,,,,,,,,,,15,,,,,,,,,15,,,,,,,,,,,,,,2,,,10,,,10,,,,5,45,,,,,5,,,,,,,,
August 15,15,966,2,Amb/Fert/Thin,15,25,90,,,,,,,,,,,,,15,,,,,,,,,,,,,5,,,,,,,,,20,,,,,,,,,,,,,,,,,30,,,10,,,,,30,,,,,,,,,,1,,,
August 15,16,966,2,Amb/No fert/Thin,16,55,60,,,,,,,,,,,,,15,,,10,,,5,,,,,,,5,,,,,,,,,3,,,,,,,,,,,,,,,,,,,,25,,,,2,60,,,,,,,,,,,,,
August 15,17,966,2,Shade/No fert/No thin,17,60,60,,,,1,,,,,,,,,20,,,,,,5,,,,,,,,,,,10,,,,,10,,,,,,,,,,,,,,,,,10,,,20,,,5,,70,,,,,,,,,,,,,
August 15,18,966,2,Shade/Fert/No thin,18,15,120,,,,,,,,,,,,,10,,,,,,,,,,,,,,,,,,,,,,,,,,,,,,,,,,,,,,,100,,,,,,,,15,,,,,,,,,,,,,
August 15,19,966,2,Sun/Fert/No thin,19,25,100,,,,,,,,,,,,,5,,,,,,,,,,,,,2,,,,5,,,,,,,,,2,,,,,,,,,,,,,80,,,25,,,,,15,,,,,,,,,,,,,
August 15,20,966,2,Shade/No fert/Thin,20,50,40,,,,,,,,,,10,,,15,,,,,3,,,,,,,,,,,,5,,,,,25,,,,,,,,,,,,,,,,,,,,10,,,,,30,,,,,,,,,,,,,
August 15,21,966,2,Shade/Fert/Thin,21,30,20,1,,,,,,,,,,,,10,,,15,,,,,5,,,,,,,,,10,,,,,20,,,,,,,,,,,,,,,,,,,,8,,,,10,70,,,,,,,,,,,,,
August 15,22,966,2,Amb/Fert/No thin,22,15,80,3,,,,,,,,,,2,,15,,,,,,10,,,,1,,,10,,,,,,,,,,,,,,5,,,,,,,,,,,,5,,,10,,,,,40,,,,,,,,,,,,,
August 15,23,966,2,Sun/No fert/No thin,23,50,60,,,,,,,,,,,,,,,,2,,,,,,,,,,1,,,,,,,,,10,,,,,,,,,,,,,,,,,,,,10,,,,,40,,,,,,,,,,,,,
August 15,24,966,2,Amb/No fert/No thin,24,15,90,,,,,,,,,,,,,5,,5,5,,,,,,,,,,5,,,,,,,,,20,,,,,,,,,,,,,,,,,,,,20,,,,,25,,,,,,,,,,,,,
August 15,25,967,3,Sun/Fert/Thin,25,15,70,,,,,,,,,,,,,,,,,,,,,,,,,,,,,,,,,,,,,,,,,,,,,,,,,5,,,70,,,,,,,,,,,,,,,,,,,,,
August 15,26,967,3,Amb/Fert/Thin,26,20,110,,,,,,,,,,,,,,,,,,,,,,,,,,,,,,,,,,,,,,,,,,,,,,,,,1,,,100,,,,,,,,,,,,,,,,,,,,,
August 15,27,967,3,Amb/No fert/Thin,27,15,120,,,,,,,,,,,,,,,,,,,,,,,,,,,,,,,,,,,,,,,,,,,,,,,,,1,,,100,,,,,,,,,,,,,,,,,,,,,
August 15,28,967,3,Sun/No fert/No thin,28,40,60,,,,,,,,,,,,1,,,,,,,,,,,,,,5,,,,,,,,,,,,,,,,,,,,,,,2,,,60,,,,,,,,15,,,,1,,,,,,,,,
August 15,29,967,3,Shade/Fert/Thin,29,10,100,,,,,,5,,,,,,,,,,,,,,,,,,,,,,,,,,,,,,,,,,,,,,,,,,,,,,120,,,,,,,,,,,,,,,,,,1,,,
August 15,30,967,3,Shade/No fert/No thin,30,15,90,,,,,,,,,,10,,1,,,,,,,,,,,,,,,,,,,,,,,,,,,,,,,,,,,,,,,,40,,,,,,,,45,,,,,,,,,,,,,
August 15,31,967,3,Shade/No fert/Thin,31,30,70,,,,,,5,,,,10,,,,,,,,,,,,,,,,,,,,5,,,,,,,,,,,,,,,,,,,2,,,10,,,,,,,,70,,,,,,,,,,,,,
August 15,32,967,3,Sun/Fert/No thin,32,5,95,,,,,,3,,,,,,,,,,,,,,,,,,,,,,,,,,,,,,,,,,,,,,,,,,,2,,,20,,,,,,,,40,,,,1,,,,,,,,,
August 15,33,967,3,Sun/No fert/Thin,33,40,60,,,,,,,,,,15,,,,,,,,,20,,,,1,,,,,,,,,,,,,,,,,,,,,,,,,,5,,,,,,,,,,,45,,,,,,,,,,,,,
August 15,34,967,3,Amb/Fert/No thin,34,80,20,,,,,,,,,,,,,,,,,,,,,,,,,,5,,,,,,,,,,,,,,,,,,,,,,,,,,100,,,,,,,,,,,,2,,,,,,,,,
August 15,35,967,3,Amb/No fert/No thin,35,25,75,,,,,,,,,,5,,,,,,,5,,10,,,,,,,10,,,,2,,,,,,,,,,,,,,,,,,,,,,,,,,,,,,55,,,,,,,,,,1,,,
August 15,36,967,3,Shade/Fert/No thin,36,50,50,,,,,,,,,,,,,,,,,,,5,,,,8,,,5,,,,5,,,,,,,,,,,,,,,,,,,15,,,,,,,,,,15,60,,,,,,,,,,,,,
August 15,37,968,4,Shade/Fert/No thin,37,0,120,2,,,,,5,,,,2,8,,5,,,,,,,,,,,,,,,,,,,,,,,,,10,,,,,,,,,,,,,,130,,,,,,,,,,,,,,,,,,1,,,
August 15,38,968,4,Sun/No fert/Thin,38,80,30,,,,,,,,,,,30,,20,,,,,,5,,,,,,,15,,,,10,,,,,10,,,,,,,,,,,,,,,,,10,,,,,,,15,25,,,,,,,,,,,,,
August 15,39,968,4,Shade/Fert/Thin,39,15,140,2,,,,,,,,,,,5,15,,,,,,,,,,,,,,,,,,,,,,,,,,,,,,,,,,,,,,,120,,,3,,,,,10,,,,,,,,,,,,,
August 15,40,968,4,Amb/Fert/Thin,40,50,60,,,,,,,,,,15,10,5,,,,,,,,,,,,,,2,,,,5,,,,,,,,,,10,,,,,,,,,,,,40,,,20,,,,,25,,,,,,,,,,,,,
August 15,41,968,4,Sun/Fert/No thin,41,80,30,,,,,,,,,,10,20,5,15,,,,,,,,,,,,,5,,,,,,,,,5,,,,,15,,,,,,,,,,,,90,,,,,,,,5,,,,,,,,,,,,,
August 15,42,968,4,Shade/No fert/Thin,42,30,70,,,,,,,,,,,,5,10,,,,,,,,,,,,,,,,,5,,,,,50,,,,,,,,,,,,,,,,,,,,10,,,,,30,,,,,,,,,,,,,
August 15,43,968,4,Amb/No fert/Thin,43,60,40,,,,,,,,,,,25,,10,,,,,,,,,,,,,,,,,1,3,,,,10,,,,,,,,,,,,,,,,,50,,,10,,,,,5,,,,,10,,,,,,,,
August 15,44,968,4,Sun/Fert/Thin,44,0,100,,,,,,,,,,,10,,,,,,,,,,,,,,,,,,,5,,,,,,,,,,,,,,,,,,,,,,120,,,20,,,,,,,,,,,,,,,,,,
August 15,45,968,4,Shade/No fert/No thin,45,50,60,5,,,,,,,,,1,,5,5,,,,,,,,,,,,,,,,,,5,,,,40,,,,,,,,,,,,,,,,,,,,20,,,,,30,,,,,5,,,,,,,,
August 15,46,968,4,Sun/No fert/No thin,46,0,100,2,,,,,,,,,,25,1,10,,,,,,,,,,,,,,,,,,,,,,,,,,,,,,,,,,,,,,,35,,,5,,,,,5,,,,,3,,,,,,,,
August 15,47,968,4,Amb/Fert/No thin,47,30,70,,,,,,,,,,,10,,,,,,,,,,,,,,,,,,,,,,,,,,,15,,,,,,5,,,,,,,,120,,,,,,,,,,,,,,,,,,,,,
August 16,48,968,4,Amb/No fert/No thin,48,10,100,,,,,,,,,,2,10,,10,,,,,,,,,,,,,,,,,5,,,,,45,,,35,,,,,,,,,,,,,,5,,,10,,,,,10,,,,,,,,,,,,,
August 16,49,969,5,Shade/No fert/No thin,49,60,30,15,,,,,,,,,,10,,20,,,,,,,,,,,,,,,,,5,,,,,,,,,,,,,,,,,,,,,,50,,,,,,,20,,,,,,,,,,,,,,
August 16,50,969,5,Sun/Fert/Thin,50,25,100,,,,,,,,,,,15,,20,,,,,,,,,,,,,,,,,5,,,,,,,,,,,,,,,,,,,,,,70,,,5,,,,,5,,,,,,,,,,,,,
August 16,51,969,5,Shade/No fert/Thin,51,80,20,10,,,,,3,,,,,25,,10,,,,,,5,,,,,,,3,,,,10,,,,,15,,,,,,,,,,,,,,,,,15,,,10,,,,10,10,,2,,,,,,,,,,,
August 16,52,969,5,Amb/No fert/No thin,52,80,25,,,,,,,,,,5,5,,15,,,,,,,,,,1,,,10,,,,5,,,,,10,,,,,,,,,,,,,,,,,5,,,,,,,5,40,,,,,,,,,,,,,
August 16,53,969,5,Amb/Fert/No thin,53,15,120,5,,,,,,,,,,15,1,15,,,,,,,,,,,,,5,,,,,,,,,,,,,,,,,,,,,,,,,,50,,,10,,,,5,25,,,,,,,,,,5,,,
August 16,54,969,5,Sun/No fert/No thin,54,40,60,5,,,,,5,,,,,5,,15,,,,,,,,5,,,,,3,,,,,,,,,3,,,,,,,,,,,,,,,,,40,,,,,,,20,15,,,,,,,,,,,,,
August 16,55,969,5,Amb/Fert/Thin,55,60,40,,,,,,,,,,15,,,10,,,,5,,,,,,,,,,,,,,,,,,10,,,,,10,,,,,,,,,,,,,,,,,,,,50,,,,,,,,,,,,,
August 16,56,969,5,Shade/Fert/Thin,56,25,100,,,,,,,,,,,,5,20,,,,,,,,,,,,,5,,,,,,,,,,,,,,,,,,,,,,,,,,100,,,5,,,,15,10,,,,,,,,,,,,,
August 16,57,969,5,Sun/No fert/Thin,57,50,40,,,,,,,,,,,,5,,,,,,,,,,,,,,,,,,,,,,,,,,,,,,,,,,,,2,,,,25,,,15,,,,10,40,,,,,,,,,,,,,
August 16,58,969,5,Sun/Fert/No thin,58,50,40,,,,1,,,,,,,,,15,,,5,,,,,5,,5,,,5,,,,5,,,,,5,,,,,2,,5,,,,,,5,,,,15,,,5,,3,,15,55,,,,,,,,,,,,,
August 16,59,969,5,Shade/Fert/No thin,59,15,140,20,,,,,,,,,,,,,,,,,,,,5,,,,,2,,,,,,,,,10,,,,,,,,,,,,,,,,,120,,,5,,,5,,10,,,,,,,,,,,,,
August 16,60,969,5,Amb/No fert/Thin,60,90,10,5,,,1,,1,,,,1,30,5,20,,,,3,,10,,,,,,,5,,,,,,,,,5,,,,10,,,,,,,,,,,,,,,,10,,,,3,25,,,,2,,,,10,,,,,
August 16,61,970,6,Sun/No fert/Thin,61,50,50,,,,,,,,,,,,,,,,,,,,,,,,,,,,,,,,,,,20,,,,,,,,,,,,,,,,,10,,,,,,,,50,,,,1,,,,,,,,,
August 16,62,970,6,Shade/Fert/Thin,62,25,80,,,,,,,,,,25,,,5,,,,,,,,,,,,,,,,,,,,,,,,,,,,,,,,,,,,,,,15,,,10,,,,,60,,,,,,,,,,,,,
August 16,63,970,6,Sun/Fert/Thin,63,80,10,,,,,,,,,,5,40,,5,,,,,,,,,,,,,,,,,,,,,,,,,,,,,,,,,,,,,,,20,,,20,,,,,50,,,,,,,,,,,,,
August 16,64,970,6,Sun/No fert/No thin,64,25,70,,,,,,,,,,,,,,,,,,,,,,,1,,,,,,,,,,,,,,,,,,,,,,,,,,,,,20,,,5,,,,1,50,,,,,,,,,,,,,
August 16,65,970,6,Amb/Fert/No thin,65,20,80,5,,,,,,,,,,,,10,,,,,,,,,,,,,5,,,,,,,,,,,,,,,,,,,,,,,,,,65,,,15,,,,5,,,,,,,,,,,,,,
August 16,66,970,6,Sun/Fert/No thin,66,0,100,,,,,,,,,,15,15,,5,,,,,,,,,,,,,,,,,,,,,,,,,,,,,,,,,,,,,,,70,,,15,,,,,,,,,,,,,,,,,,
August 16,67,970,6,Amb/No fert/Thin,67,50,50,1,,,,,,,,,20,,,5,,,,5,,,,,,,,,,,,,,,,,,,,,,,,,,,,,,,,,,,,,,10,,,,,50,,,,,5,,,,,,,,
August 16,68,970,6,Amb/Fert/Thin,68,40,70,,,,,,,,,,,,,5,,,,,,,,,,,,,,,,,5,,,,,,,,,,,,,,,,,,5,,,,60,,,10,,,,20,30,,,,,,,,,,,,,
August 16,69,970,6,Shade/Fert/No thin,69,0,140,,,,,,,,,,,15,1,8,,,,,,,,,,,,,,,,,,,,,,,,,,,,,,,,,,,,,,,120,,,20,,,,,,,,,,,,,,,,,,
August 16,70,970,6,Shade/No fert/No thin,70,10,110,,,,,,,,,,,,,,,,,,,,,,,,,,,,,,5,,,,,,,,,,,,,,,,,,,,,,100,,,,,,,,5,,,,,,,,,,,,,
August 16,71,970,6,Amb/No fert/No thin,71,20,80,,,,,,,,,,,,,20,,,,,,,,,,,,,2,,,,,,,,20,,,,,,,,,,,,,,,,,,25,,,15,,,,,40,,,,,,,,,,,,,
August 16,72,970,6,Shade/No fert/Thin,72,40,60,,,,,,,,,,,30,,15,,,,,,5,,,,,,,,,,,10,,,,,,,,,,,,,,,,,,,,,,60,,,15,,,,,,,,,,,,,,,,,,
August 16,73,971,7,Amb/Fert/No thin,73,50,40,15,,,,,,,,,10,25,,,,,1,,,10,,5,,,,,5,,,,5,,,,,10,,,15,,,,,,,,,,,,,,30,,,,,,,5,15,,20,,,5,,,,,,,,
August 16,74,971,7,Shade/No fert/No thin,74,30,70,5,,,,,,,,,,20,,10,,,,,,,,,,,,,,,,,5,,,,,,,,10,,,,,,,,,,,,,,40,,,15,,,,3,15,,1,,,,,,,,,,,
August 16,75,971,7,Shade/No fert/Thin,75,60,30,,,,,,,,,,,20,2,5,,,20,,,10,,,,,,,1,5,,,,,,,,,,,35,,,,,,,,,,,,,10,10,,,10,,,,,10,30,,,,,,,,,,,,
August 16,76,971,7,Sun/No fert/Thin,76,90,20,10,,,,,10,,,,,35,,10,,,10,,,,,,,,,,8,,,,,,,,,40,,,10,,,,,,,,,,,,5,10,,,,5,,,,15,20,,25,,10,,,,,,,1,,
August 16,77,971,7,Shade/Fert/Thin,77,80,25,10,,,,,,,,,1,30,,5,,,15,10,,,,,,,,,5,,,,5,,,,20,,,,5,,,,,,,,,,,,,,60,5,,,,,,,,,10,,,30,,,,,,2,,
August 16,78,971,7,Sun/Fert/No thin,78,40,50,1,,,,,,,,,15,15,,,,,,5,,,,,,,,,2,,,,5,,,,,,,,10,,,,,,,,,,,,,,70,,,,,,,,15,,,,,15,,,,,,,,
August 16,79,971,7,Sun/Fert/Thin,79,80,25,,,5,,,,,,,,40,1,,,,40,,,,,,,,,,,,,,,,,,,,,,10,,,,,,,,,,,,,,20,,,,,,,5,20,,45,,,25,,,,,,,,
August 16,80,971,7,Sun/No fert/No thin,80,50,50,2,,,,,,,,,,15,,,,,,,,,,,,,,,,,,,,,,,10,20,,,15,,,,,,,,,,,,,,15,,,,,,,5,30,,5,,5,,,,,,,,,
August 16,81,971,7,Amb/Fert/Thin,81,80,10,5,,,,,,,,,5,,,15,,,,,,15,,,1,15,,,5,,,,15,,,,,,,,5,,,,,,,,,,,,,,,,,10,,,,,25,15,,,,,,,,,,,,
August 16,82,971,7,Amb/No fert/No thin,82,20,80,5,,,,,,,,,,30,,,,,35,,,,,,,,,,,,,,10,,,,,,,,10,,,,,,,,,,,,,,40,,,5,,,,,30,,,5,5,15,,,,,,,,
August 16,83,971,7,Amb/No fert/Thin,83,80,15,,,,,,,,,,,30,10,5,,,15,,5,5,,,,,,,,,,,15,1,,,1,,,,10,,,,,,,,,,,,,,,,,10,,,,,30,,,,5,,,1,,,,8,1,
August 16,84,971,7,Shade/Fert/No thin,84,60,30,5,,,,,,,,,,20,,5,,,,,,,,10,,,20,,,,,,,,,,5,,,,5,,,,,,,,,,,,,,30,,,15,,,,10,25,,,,,,,,,,,,,
August 16,85,972,8,Shade/No fert/No thin,85,80,30,3,,,,,,,,,,25,5,,,,,,,,,,,,,,,,,,5,,,,,10,,,5,,,,,,,,,,,,,5,70,,,15,,,,5,,,,5,5,15,,,,,,,,
August 16,86,972,8,Sun/No fert/No thin,86,20,75,5,,,,,,,,,,25,,,,,,,,,,5,,,,,,,,,,,5,,,20,,,10,,,,,,,,,,,,,5,15,,,10,,,,20,20,,,,,,,,,,5,,,
August 16,87,972,8,Sun/Fert/Thin,87,80,15,,,,,,,,,,,30,,5,,,,,,,,,,,,,,5,,,,,,,,25,,,,,,,,,,,,,,,,,25,,,10,,,,30,,,,,,,,,,,,,,
August 16,88,972,8,Shade/Fert/No thin,88,10,100,10,,,,,,,,,,25,,,,,10,,,,,,,,,,,,,,,,,,,,,,2,,,,,,,,,,,,,,80,,15,15,,,,2,,,,,,,,,,,,,,
August 16,89,972,8,Amb/Fert/No thin,89,25,80,5,,,,,,,,,,25,,,,,5,,,,,,,,,,,,,,,,,,,,,,5,,,,,,,,,,,,,,70,,,5,,,,3,,,,,,,,,,,,,,
August 16,90,972,8,Sun/No fert/Thin,90,80,15,,,,,,,,,,,20,,10,,,,,,,,,,,,,,,,,5,,,,,25,,,10,,,,,,,,,,2,,,,10,,5,15,,,,45,5,,,,,,,,,,,,,
August 16,91,972,8,Amb/No fert/No thin,91,50,40,5,,,,,,,,,,25,,,,,,,,,,5,,,,,,,,3,,,,,,10,,,15,,,,,,,,,,,,,5,30,,,15,,,,20,5,,10,,,,,,,,2,,,
August 16,92,972,8,Shade/Fert/Thin,92,90,10,20,,,,,,,,,,25,,5,,,,,,,,,,,,,3,,,,,,,,,,,,30,,,,,,,,,,,,,,30,,5,3,,,,15,,,,,,,,,,,,,,
August 16,93,972,8,Amb/No fert/Thin,93,25,20,,,,,,3,,,,,20,,20,,,,,,,,,,,,,5,,30,,5,,,,,25,,5,20,,,,,,,,,,,,,,5,,,10,,,,5,5,,,,,,5,,,,,,,
August 16,94,972,8,Amb/Fert/Thin,94,40,70,,,,,,,,,,,20,,5,,,,,,,,,,,,,,,,,5,,,,,,,,20,,,,,,,,,,,,,,50,,,5,,,,,,,45,,,,,,,,,,,
August 16,95,972,8,Shade/No fert/Thin,95,10,90,10,,,,,,,,,,20,,,,,,,,,,,,,,,,,,,5,,,,,20,,,15,,,,,,,,,,,,,,30,,,20,,,,15,5,,45,,,,,,,,,,,
August 16,96,972,8,Sun/Fert/No thin,96,100,10,5,,,,,25,,,,,10,5,5,,,5,,,,,,,,,,,,,,,,,,,,,,5,,,,,,1,,,,,,,,120,,8,10,,,,10,5,,,,,,,,,,,,,
August 16,97,973,9,Amb/No fert/No thin,97,60,30,2,,,,,,,,,,50,,10,,,,,,,,,,,,,,,,,15,,,,,,,,,,,,,,,,,,,,,,60,,,15,,,,,,,3,,,,,,,,,,,
August 16,98,973,9,Amb/Fert/No thin,98,20,80,5,,,,,,,,,,20,,5,,,,,,,,,,,,,,,,,5,,,,,,,,,,,,,,,,,,,,,,60,,,5,,,,,10,,,,,,,,,,,,,
August 16,99,973,9,Shade/Fert/Thin,99,20,100,,,,,,,,,,,25,,10,,,,,,,,,,,,,,,,,,,,,,,,,,,,,,,,,,,,,,,110,,,15,,,,,,,,,,,,,,,,,,
August 16,100,973,9,Shade/No fert/Thin,100,70,40,5,,,,,,,,,,25,1,10,,,,,,,,,,,,,,,,,,,,,,,,,,,,,,,,,,,,,,,20,,,15,,,,5,20,,,,,,,,,,,,,
August 16,101,973,9,Sun/Fert/Thin,101,30,100,,,,,,3,,,,,30,,10,,,,,,,,,,,,,,,,,5,,,,,,,,5,,,,,,,,,,,,,,60,,,,,,,,,,,,2,,,,,,,,,
August 16,102,973,9,Amb/Fert/Thin,102,60,50,,,,,,,,,,,20,5,,,,,,,,,,,,,,,,,,5,,,,22,,,,5,15,,,,,2,,,,10,,,,50,,,15,,,,1,,,,,,,5,,,,,,,
August 16,103,973,9,Shade/No fert/No thin,103,50,40,1,,,,,15,,,,,15,,5,,,10,,1,5,,,,,,,,,,,,,,,,,,,,,3,,,,,,,,,,,,,,,,,,,5,40,,,,,,,,,,,,,
August 16,104,973,9,Sun/No fert/Thin,104,90,20,,,,,,2,,,,,30,1,10,,,,,,,,,,,,,5,,,,,,,,15,,,,,,,,,,5,,,,,,,,15,,,10,,,,5,30,,,,2,,,,,,,,,
August 16,105,973,9,Sun/No fert/No thin,105,30,70,,,,,,2,,,,,25,2,10,,,,,,,,,,,,,,,,,,,,,,10,,,,,,,,,,,,,,,,,10,,,10,,,,3,25,,,,,,,,,,,,,
August 16,106,973,9,Shade/Fert/No thin,106,15,100,,,,,,,,,,10,,,,,,25,,,,,,,,,,,,,,,,,,,,,,,,,,,,,,,,,,,,50,,,5,,,,,15,,,,,,,,,,,,,
August 16,107,973,9,Amb/No fert/Thin,107,80,20,,,,,,,,,,1,30,,10,,,,,,,,,,,,,8,,,,,,,,,5,,,,,,,,,,,,,,,,,15,,,10,,,,,25,,10,,,,,,,,,,,
August 16,108,973,9,Sun/Fert/No thin,108,50,40,,,,,,,,,,,20,,,,,20,,,,,,,,,,,,,,,,,,,20,,,,,10,5,,,5,,,,,,,,15,,,10,,,,10,20,,3,,,,,,,,,,,
August 16,109,974,10,Shade/Fert/Thin,109,80,30,15,,,,,,,,,,20,15,10,,,26,,,,,1,,,,,,,,,20,,5,,,,,,,,8,,,,,,,,,,,2,30,,5,20,,,,,10,,,10,,5,,,,,5,2,,
August 16,110,974,10,Shade/No fert/Thin,110,70,30,5,5,,,,,,,,,10,5,10,,,,,,,,5,,,,,5,,,5,,,,,,,,,5,,,,,,10,,,,,,,,30,,,15,,,,10,15,5,,,,,,,,,3,,,
August 16,111,974,10,Amb/No fert/No thin,111,50,45,5,5,,,,,,,,,20,5,15,,,,,,,,,,,,,,,,,10,,,,,,,,,,,,,,10,,,,,,,,30,,,10,20,,,,10,,,,,,,,,,5,,,
August 16,112,974,10,Amb/Fert/Thin,112,80,30,5,,,,,5,,,,,35,5,,,,,,,,,,,,,,5,,,,5,,,,,,,,,,,,,,5,3,,,,,,,100,,,10,,,,5,,,,,,,,,,,8,,,
August 16,113,974,10,Sun/Fert/Thin,113,50,100,10,1,,,,,,,1,,40,10,10,5,,,,,,,,,,,,8,,,,,,,,,,,,,,,,,,,,,,,,,,120,,,10,5,,,,,,,,,,,,,,,,,
August 16,114,974,10,Amb/Fert/No thin,114,30,70,10,,,,,,,,,,20,5,15,,,,,,,,,,,,,5,,,,5,,,,,,,,,,,,,,,,,,,,,,80,,,10,,,,,,,,,,3,,,,,3,,,
August 16,115,974,10,Sun/No fert/Thin,115,80,30,,,,,,,,,,,25,3,5,,,3,,,,,,,,,,10,,,,,8,,,,30,,,,,,,,,,,,,,,,,10,,,10,,,,,15,,,,,,,,,,5,,,
August 16,116,974,10,Sun/No fert/No thin,116,85,25,2,,,,,,,,,,30,2,,,,5,,,,,5,,,,,,,,,15,,,,,,,,,,,,,,,,,,,,,,30,,,15,15,,,8,5,15,,,,,,,,,5,,,
August 16,117,974,10,Amb/No fert/Thin,117,50,40,10,,,,,,,,,,30,5,10,,,,,,,,,,,,,,,,,,,,,,,,,,,,,,,,,,,,,,,25,,,15,5,,,2,20,20,,1,,,,,,,,,,
August 16,118,974,10,Shade/Fert/No thin,118,0,100,,,,,,,,,,1,15,,10,,,,,,,,5,,,,,2,,,,5,,,,,,,,,,,,,,,,,,,,,,120,,,15,,,,5,,,,1,,,,,,,10,,,
August 16,119,974,10,Shade/No fert/No thin,119,20,80,,,,,,,,,,,20,5,10,,,5,,,,,5,,,,,2,,,,20,,,,,,,,,,,,,,,,,,,,,,30,,,10,,,,10,,,,,,,,,,,,,,
August 16,120,974,10,Sun/Fert/No thin,120,10,100,10,,,,5,,,,,,30,5,10,,,10,,,,,5,,,,,,,,2,10,,,,,,,,,,,,,,,,,,,,,,50,,,10,,,,,5,5,5,,,,,,,,5,,,
August 16,121,975,11,Shade/No fert/Thin,121,80,30,,,,,,,,,,,5,,,,,,,,,,,,,,,,,,,,,,,,10,,,5,,,,,,,,,,,,,5,15,,,,,,,30,25,25,,,,1,,,,,,,,
August 16,122,975,11,Shade/No fert/No thin,122,0,100,,,,,,,,,2,,5,,10,,,,,,,,,,,,,2,,,,,,,,,20,,,,,,,,,,,,,,,,,20,,,10,,,,5,15,15,,,,,,,,,,,,
August 16,123,975,11,Amb/Fert/Thin,123,5,100,,,,,,,,,,,,,,,,,,,,,,,,,,,,,,,,,,,15,,,,,,,,,,,,,,,,,50,,,15,,,,20,15,15,5,,,,,,,,5,,,
August 16,124,975,11,Shade/Fert/Thin,124,10,100,,,,,,,,,,,,,5,,,,10,,,,5,,,,,2,,,,10,,,,,20,,,5,,,,,,,,,,,,,,,,,25,,,,,5,5,5,,,,,,,,,,,
August 16,125,975,11,Sun/No fert/No thin,125,25,80,,,,,,,,,,,5,,5,,,,,,,,,,,,,1,,,,,,,,,50,,,,,,,,,,,,,,,,,5,,,20,,,,2,5,5,,,1,,,,,,,,5,
August 16,126,975,11,Shade/Fert/No thin,126,20,120,,,,,,,,,,,,,5,,,5,,,,,,,,,,,,,,10,,,,,,,,,,,,,,,,,,,,,,80,,5,10,,,,2,,,,,,,,,,,,,5,
August 16,127,975,11,Amb/Fert/No thin,127,30,70,1,,,,,,,,,,10,,,,,,,,,,,,,,,5,,,,,,,,,,,,,,,,,,,,,,,,,,100,,5,20,,,,2,5,5,,,,,,,,,,,,
August 16,128,975,11,Sun/Fert/Thin,128,60,50,,,,,,,,,,,15,,,,,,,,,,,,,,,5,,,,,,,,,,,,,,,,,,,,,,,,,,120,,,10,,,,,,,20,,,,,,,,5,,10,
August 16,129,975,11,Amb/No fert/No thin,129,75,20,,,,,,,,,,,10,,1,,,35,,,,,2,,,,,,,,2,,,,,,25,,,5,,,,,,,,15,,,,,,15,,1,15,,,,1,10,10,,,2,,,,,,,,3,
August 16,130,975,11,Sun/No fert/Thin,130,90,10,,,,,,,,,1,,10,,,,,10,,,,,1,,,,,3,,,,,,,,1,20,,,10,,,,5,,,,,,,,,5,,,5,20,,,,,15,,10,,,,,,,,,,1,
August 16,131,975,11,Sun/Fert/No thin,131,50,50,5,,,,,,,,,,40,,,,,5,,,,,,,,,,2,,,,,,,,,20,,,,,,,,,,,,,,,,,40,,5,15,,,,5,,,10,,,,,,,,,,,
August 16,132,975,11,Amb/No fert/Thin,132,70,25,5,,,,,,,,,,25,,,,,,,,,,2,,,,,5,,,10,,,,,15,30,,,,,,,,,,,,,,,,,,,,15,,,,20,10,,,,,,,,,,,,2,
August 16,133,976,12,Sun/Fert/Thin,133,75,25,,5,,,5,,,,,,25,,,,,25,,,,,5,,,,,2,,,5,,,,,10,,,,5,,,,,,,,,,,,,,45,,10,15,,,,3,,,,,,,,,,,,,,
August 16,134,976,12,Sun/No fert/No thin,134,90,10,3,,,,,,,,5,,,2,,,,25,,,,,2,,,,,2,,,5,5,,,,5,5,,,5,,,,,,3,,,,,,,,20,,8,20,,,,5,15,,,,,,,,,,5,,5,
August 16,135,976,12,Amb/Fert/Thin,135,0,100,,,,,,,,,,,20,1,15,,,5,,,,,5,,,,,,,,,,,,,,,,,5,,,,,,1,,,,,,,,110,,,5,,,,2,,,,,,,,,,,2,,,
August 16,136,976,12,Sun/Fert/No thin,136,20,80,5,,,,,,,,5,,15,,,,,30,,,,,,,,,,,,,,,,,,5,,,,5,,,,,,,,,,,,,,100,20,5,5,,,,,10,,,,,,,,,,3,,,
August 16,137,976,12,Amb/Fert/No thin,137,80,40,,,,,,,,,2,,20,,,,,30,,,,,,,,,,,,,,,,,,,,,,,,,,,,2,,,,,,,,60,30,10,20,,,,10,10,,,,,5,,,,,,,10,
August 16,138,976,12,Amb/No fert/Thin,138,50,45,,,,,,,,,2,,20,,30,,,,,,,,5,,,,,,,,,,,,,,30,,,,,,,,,5,,,,,,,,,40,,30,,,,5,10,,,,,,,,,,,,,
August 16,139,976,12,Shade/No fert/No thin,139,20,80,,1,,,,,,,,,15,,,,,30,,,,,5,,,,,5,,,3,,,,,,,,8,,,,,,,5,,,,,,,,85,,10,10,,,,,,,,,2,,,,,,,,1,
August 16,140,976,12,Shade/Fert/No thin,140,40,60,5,5,,,,,,,5,,30,,,,,,,,,,,,,,,,,,,,,,,,25,,,,,,,,,,,,,,,,10,100,,5,,,,,,,,,,,,,,,,5,,1,
August 16,141,976,12,Shade/No fert/Thin,141,70,20,2,,5,,,,,,10,,,,5,,,10,,,,,5,,,,,5,,,5,,,,,30,15,,,,,,,,,2,,,,,,,,10,10,,,,,,25,10,,,,5,,,,,,2,,,
August 16,142,976,12,Amb/No fert/No thin,142,90,20,,,,,,,,,5,2,20,,,,,20,2,5,,,,,,,,,3,,,5,,,,,5,,5,10,,,,,,1,,,,,,,,20,,5,15,3,,,,,,,,2,,,,,,,,,
August 16,143,976,12,Shade/Fert/Thin,143,20,100,5,5,,,,,,,,,20,,5,,,10,,,,,,,,,,2,,,,,,,,,,,,5,,,,,,20,,,,,,,,100,,5,5,,,,10,,,,,1,,,,,,1,,,
August 16,144,976,12,Sun/No fert/Thin,144,60,10,6,,,,,,2,,2,,,,,,,35,5,,,,,,,,,5,,,5,,,,,10,,,,,3,,,,,5,,,,1,,,,15,,5,20,,,,15,10,,,,,,,,,,1,,,
August 16,145,977,13,Sun/No fert/Thin,145,90,20,,,,,,,,,,15,45,,15,,,,,,10,,,,,,,5,,,,,,,,,,,,,,,,,,,,,,,,,10,15,,2,10,,,,,20,,,,,,,,,,,,,
August 16,146,977,13,Amb/No fert/Thin,146,75,30,1,,,,,,,,,,10,,30,,,,,,,,,,,,,,,,,5,,,,,,,,,,,,,,,,,,,,,,15,,,,,,,,25,,,,,,,,,,,,,
August 16,147,977,13,Sun/No fert/No thin,147,60,45,,,,,,,,,,,,1,25,,,,,,10,,1,,,,,,,,,,,,,,25,,,,,,,,,,,,,,,,,25,,5,20,,,,,,,,,,,,,,,,,,
August 16,148,977,13,Amb/Fert/Thin,148,60,20,,,,,,,,,1,,,,15,,,,,,,,,,15,,,,,,,5,,,,,,,,,,,,,,,,,,,5,,,50,,,,,,,,5,,,,,,,,,,,,,
August 16,149,977,13,Amb/Fert/No thin,149,5,110,,,,,,,,,,,,,10,,,,,,,,,,,,,1,,,,,,,,,,,,,,,,,,,,,,,,,,105,,,,,,,,,,,,,5,,,,,,,,
August 16,150,977,13,Shade/Fert/Thin,150,20,30,,3,,,,,,,,2,10,,10,,,15,,,,,,,,,,1,,,,,,,,,,,,,,,,,,8,,,,,,,,80,,,,,,,5,20,,,,,,,,,,,,,
August 16,151,977,13,Sun/Fert/Thin,151,40,60,,,,,,,,,,,,,10,,,,,,,,,,,,,,,,,,,,,,,,,,,,,,,,,,,,,,10,100,,,,,,,,15,,,,,,,,,,,,,
August 16,152,977,13,Shade/Fert/No thin,152,60,25,,,,,,,,,,,,,5,,,2,,,,,,,,,10,,,,,,,,,,,,,,,,,,,,,,,,,,,150,,10,15,,,,1,,,,,,,,,,,,,,
August 16,153,977,13,Shade/No fert/No thin,153,10,90,,,,,,,,,,2,10,,,,,,,,,,,,,,,,,,,,,,,,,,,,,,,,,,,,,,,,,25,,,10,,,,5,35,,,,,5,,,,,,,,
August 16,154,977,13,Sun/Fert/No thin,154,60,30,,2,,,,,,,,,,,3,,,,,,,,,,,,,2,,,,,,,,,,,,,,,,,,,,,,,,,,100,,5,5,,,,,5,,,,,,,,,,1,,,
August 16,155,977,13,Shade/No fert/Thin,155,60,20,1,,5,,,,,,,,35,,,,,10,,,,,,,,,,1,,,,10,,,,,5,,,,,,,,,,,,,,,,,5,,,5,,,,10,30,,,,,,,,,,2,,,
August 16,156,977,13,Amb/No fert/No thin,156,40,70,,,,,,,,,,,25,,,,,,,,,,,,,,,1,,,5,,,,,,,,,,,,,,,,,,,,,,,20,,,20,,,,10,30,,,,,,,,,,,,,
August 17,157,978,14,Shade/Fert/No thin,157,40,60,,,,,,,,,,,10,2,5,,,,,,,,,,,,,,,,,5,,,,,,,,,,,,,,,,,,,,,,100,,,20,,,,5,10,,,,,,,,,,,,,
August 17,158,978,14,Shade/No fert/No thin,158,30,70,,,,,,,,,,,10,,,,,,,,5,,,,,,,,,,,20,,,,,15,,,15,,,,,,,,,,,,,,15,,2,15,,,,10,15,,,,,5,,,,,,,,
August 17,159,978,14,Shade/No fert/Thin,159,60,40,5,,,,,,,,,,30,,15,,,,,,5,,,,,,,,,,,25,,,,,,,,15,,,,,,,,,,,,,,20,,,10,,,,1,,,,5,1,,,,,,,,,
August 17,160,978,14,Shade/Fert/Thin,160,20,80,,,,,,,,,,,15,,2,,,15,,,,,,,,,,,,,,5,,,,,,,,,,,,,,,,,,,,,,80,,,25,,,,,10,,,,,,,,,,,,,
August 17,161,978,14,Sun/No fert/Thin,161,80,15,,,,,,,,,,,40,,10,,,,,,10,,5,,,,,,,,,5,,,,,5,,,20,,,,,,,,,,,,,5,20,,1,40,,,,,10,,,,,,,,,,,,,
August 17,162,978,14,Amb/Fert/No thin,162,10,120,2,,,,,,,,,,10,,15,,,,,,10,,,,,,,5,,,,,,,,,5,,,10,,,,,,,,,,,,,,120,,10,15,,,,5,,,,,5,,,,,,,,,
August 17,163,978,14,Sun/No fert/No thin,163,80,30,1,,,,,,,,,,35,,10,,,1,,,,,,,,,,,,,,,,5,,,5,,,,,,,,,,,,,,,,5,20,,,20,,,,,5,,,,,,,,,,,,,
August 17,164,978,14,Sun/Fert/Thin,164,15,100,5,,,,,,,,,,15,,10,,,,,,,,,,,,,,,,,5,,,,,,,,3,,,,,,,,,,,,,,120,,,20,,,,,,,,,5,,,,,,5,,,
August 17,165,978,14,Amb/No fert/No thin,165,30,70,10,,,,,,,,,,35,,,,,5,,,,,,,,,,,1,,,,,,,,,,,10,,,,,,,,,5,,,,,25,,,20,,,,10,,,,,3,,,,,,10,,,
August 17,166,978,14,Amb/No fert/Thin,166,90,15,,,,,,,,,,,30,,,,,10,5,,,,,,,,,,,,,2,,,,,,,,5,,,,,,,,,,,,,5,5,,,10,,,,15,15,,,,,,,,,,,,,
August 17,167,978,14,Amb/Fert/Thin,167,50,60,5,,,,,,,,,,25,,,,,5,,,10,,,,,,,,,,,5,,,,,,,,10,,,,,3,,,,,,,,,30,,5,20,,,,20,5,,,,,,,,,,,,,
August 17,168,978,14,Sun/Fert/No thin,168,15,120,10,,,,,,,,,,15,,,,,40,,,,,5,,,,,,,,,10,,,,,,,,10,,,,,5,,,,,,,,,120,,,,,,,5,,,,,,,,,,,3,,,
August 17,169,979,15,Amb/Fert/Thin,169,80,20,,,,,,,,,,,35,,10,,,10,,,5,,5,,,,,2,,,,,,,10,,5,,,,,,,,,,,,,,,,,,,,10,,,,,30,20,,,,,,,,,,,,
August 17,170,979,15,Amb/Fert/No thin,170,60,50,,,,,,,,,,,25,,8,,,5,5,,,,,,1,,,,,,,,,,,,10,,,,,,,,,,,,,,,,,15,,10,10,,,,,15,,,,,5,,,,,,,,
August 17,171,979,15,Sun/Fert/No thin,171,30,60,,,,,,,,,,5,30,,,,,15,,,,,,,,,,,,,,5,,,,,10,,,,,,,,,,,,,,,,,20,,10,,,,,,20,,,,,,,,,,,,,
August 17,172,979,15,Amb/No fert/Thin,172,90,5,,,,,,,,,,,40,,15,,,10,,,5,1,1,,,,,,,,,5,,,,,10,,,,,,,,,,,,,,,,,,,,15,,,,,10,40,,,,,,,,,,,,
August 17,173,979,15,Shade/Fert/Thin,173,60,60,,,,,,,,,,,5,,20,,,,,,10,,,,5,,,,20,,,5,5,,2,,,,,,,,,,,,,,,,,,,20,,,15,,,,,,,,,,10,,,,,,,,
August 17,174,979,15,Amb/No fert/No thin,174,70,25,,,,,,,,,,5,25,,,,,2,,,,,5,,1,,,,,,,,,,,,,,,,,,,,,,,,,,2,,,20,,,10,,,,10,30,,,,,,,,,,,,,
August 17,175,979,15,Shade/No fert/Thin,175,80,15,3,,,,5,,,5,,,30,,5,,,25,,,,,,,,,,3,,,,5,,,,,10,,,,,,,,,,,,,,,,5,,,,20,,,,10,20,,,,,,,,,,,3,,
August 17,176,979,15,Sun/Fert/Thin,176,80,10,,,,,,,,,,,30,,20,,,25,,,5,,5,,1,,,,,,,15,,,,,5,,,,,,,,,,,,,,,,,15,,,20,,,,,10,,,,,5,,,,,,,,
August 17,177,979,15,Shade/Fert/No thin,177,30,70,,,,,,5,,,,,10,1,5,,,,,,,,,,,,,,,,,5,,,,,,,,,,,,,,,,,,,,,,80,,,20,,,,,15,,,,,,,,,,,,,
August 17,178,979,15,Shade/No fert/No thin,178,15,90,,,,,,,,,,,20,,15,,,,,,,,,,,,,,,,,5,,,,,,,,,,,,,,,,,,,,,,25,,,15,,,,,,,,,,,,,,,,,,
August 17,179,979,15,Sun/No fert/No thin,179,50,60,,,,,,,,,,,30,,5,,,,,,,,,,,,,2,,,,,,,,,10,,,,,,,,,,,,,,,,,15,,,30,,,,10,10,,,,,,,,,,,,,
August 17,180,979,15,Sun/No fert/Thin,180,90,10,,,,,,,,,,,30,,5,,,,,,5,,,,,,,2,,,,,,,,,10,,,,,,,,,,,,,,,,,10,,,20,,,,10,20,,,,,5,,,,,,,,
August 17,181,980,16,Shade/Fert/No thin,181,20,80,,,,,,,,,,,,,10,,,,,,,,,,,,,,,,,2,,,,,,,,2,,,,,,,,,,,,,,100,,,,,,,,,,,,,5,,,,,,,,
August 17,182,980,16,Sun/Fert/No thin,182,25,80,,,,,,,,,,,,,2,,,5,,,,,,,10,,,,,,,,,,,,,,,10,,,,,,,,,,,,1,,70,,,,,,,,20,,,,,,,,,,,,,
August 17,183,980,16,Shade/No fert/Thin,183,60,30,,,,,,,,,,5,,,,,,10,,,,,1,,,,,5,,,,,,,,,,40,,,,,,,,,,,,,,,,,,,,,,,,50,,,,,,,,,,,2,,
August 17,184,980,16,Sun/No fert/No thin,184,50,70,,,,,,,,,,,10,,30,,,,,,,,,,,,,5,,,,,,,,,,,,,,,,,,,,,,,,,,15,,,,,,,,30,,,,,,,,,,,,,
August 17,185,980,16,Sun/No fert/Thin,185,60,40,,,,,,,,,,10,,,15,,,,,,5,,,,1,,,10,,,,,,,,,,,,,,,,,,,,,,,,,,10,,,,,,,,30,,,,,,,,,,,,,
August 17,186,980,16,Shade/Fert/Thin,186,10,100,,,,,,,,,,,,,35,,,1,,,,,,,,,,2,,,,5,,,,,,,,5,,,,,,,,,,,5,,,60,,,,,,,,20,,,,,,,,,,,2,,
August 17,187,980,16,Sun/Fert/Thin,187,60,50,3,,,,,,,,,25,,,,,,20,,,,,,,1,,,3,,,,,,,,,,,,,,,,,,,,,,,,,,,,,,,,,,45,,,,,,,,,,,,,
August 17,188,980,16,Amb/Fert/No thin,188,20,90,,,,,,,,,,,,,20,,,5,,,,,,,,,,,,,,,,,,,,,,,,,,,,,,,,,,,,60,,,,,,,,15,,,,,,,,,,,,,
August 17,189,980,16,Amb/No fert/Thin,189,80,25,,,,,,,,,,5,,,10,,,,,,10,,5,,5,,,5,,,,,,,,,,,,,,,,,,,,,,,,,,5,,,5,,,,,30,,,,,,,,,,,,,
August 17,190,980,16,Shade/No fert/No thin,190,40,60,,,,,,,,,,,,,10,,,10,,,5,,,,,,,5,,,,,,,,,,,,2,,,,,,,,,,,,,,,,,15,,,,,40,,,,,,,,,,,,,
August 17,191,980,16,Amb/Fert/Thin,191,20,90,,,,,,,,,,,,,10,,,1,,,5,,2,,5,,,,,,,,,,,,,,,,,,,,,,,,,,,,,,,,,,,,,60,,,,,5,,,,,,,2,
August 17,192,980,16,Amb/No fert/No thin,192,50,60,,,,,,,,,,,,,35,,,,,,10,,,,,,,5,,,,,,,,,,,,,,,,,,,,,,,,,,20,,,10,,,,,30,,,,,,,,,,2,,,
August 17,193,981,17,Shade/Fert/Thin,193,5,110,5,,,,,,,,,,10,,,,,10,,,,,1,,,,,,,,,,,,,,,,,,,,,,,,,,,,,,,120,,,5,,,,,,,,,,,,,,,,,,
August 17,194,981,17,Shade/No fert/Thin,194,60,50,,3,,5,,,,,,,25,,5,,,,,,,,,,,,,2,,,,5,,,,,5,,,,,,,,,2,,,,,,,,35,,,20,,,,1,,,,,,,,,,,,,,
August 17,195,981,17,Sun/Fert/No thin,195,15,110,,,,2,,,,,,,30,,,,,1,,,,,,,,,,,,,,,,,,,,,,,,10,,,,,,,,,,,,70,,,10,,,,,,,,,,,,,,,,,,
August 17,196,981,17,Shade/No fert/No thin,196,40,70,,,,,,,,,,,25,1,5,,,,,,5,,,,,,,,,,,5,,,,,,,,,,,,,,,,,,,,,,30,,,1,,,,,5,,,,,,,,,,,,,
August 17,197,981,17,Amb/Fert/Thin,197,0,100,2,,,1,,,,,,,40,,5,,,,,,,,,,,,,5,,,,,,,,,,,,,,,,,,,,,,,,,,70,,,5,,,,1,15,,,,,,,,,,,,,
August 17,198,981,17,Amb/No fert/Thin,198,70,20,1,,,,,,,,,,30,1,,,,,,,,,5,,,,,5,,,,,,,,,5,,,,,,,,,,,,,,,,,20,,5,25,,,,,10,,,,,,,,,,,,,1
August 17,199,981,17,Shade/Fert/No thin,199,0,120,,,,,,,,,,,10,,1,,,25,,,,,,,,,,,,,,,,,,,,,,,,,,,,,,,,,,,,140,,,10,,,,,,,,,,,,,,,,,,
August 17,200,981,17,Sun/No fert/No thin,200,25,75,,,,,,,,,,1,20,,,,,15,,,,,1,,,,,,,,5,,2,,,,,,,,,,,,,,,,,,,,,30,,,,,,,,5,,,,,,,,,,,,,
August 17,201,981,17,Sun/No fert/Thin,201,60,40,,,,,,,,,,,20,5,15,,,,,,,,,,,,,,,,,,,,,,5,,,,,,,,,,,,,,,,,15,,,15,,,,2,20,,,,,,,,,,,5,,
August 17,202,981,17,Amb/No fert/No thin,202,60,15,,,,,,,,,,,5,,10,,,,,,5,,,,,,,,,,,,,,,,,,,,,,,,,,,,,,,,,20,,,10,,,,10,30,,,,,,,,,,,,,
August 17,203,981,17,Sun/Fert/Thin,203,5,120,,,,,,,,,,,,,,,,,,,,,,,,,,,,,,,,,,,,,,,,,,,,,,,,,,,,120,,,,,,,5,,,,,,,,,,,,,,
August 17,204,981,17,Amb/Fert/No thin,204,20,80,,,,,,,,,,5,,,,,,15,,,,,,,,,,,,,,,,,,,,,,,,5,,,,,,,,,,,,90,,,10,,,,,,,,,,,,,,,,,,