Date Collected,Plot,Waypoint,Block,Treatment,Bare Ground,Litter,DSS,Poa pra,Fes hal,unk 1,Ros ark,The rho,Art lud,Art fri,Sel den,Ast fal,Pas smi,Gal bor,Ach mil,Cer arv,unk Potentilla,moss,Com umb,Ane pat,carex,Sol mis,Oxy mon,Ast lae,Cow pat,Koe mac,Ely tra,Heli hoo,Dan int,unk forb 3,Tar off,Vic ame,Ery che,Agr rep,Tra dub,Eri cae,Cam rot,Geu tri,Fra vir,Ele com,All tex,Bou gra,Ele com,And sep,un rosette forb,Vio adu,un rosette aster,Lac tat,Un astrag 2,Oxy ser,Rub ida,Un astrag 3,Un baby forb,Sti vir,un stipa
14-May-21,1,897,1,Sun/Fert/Thin,60,0,120,10,5,10,,,,2,10,5,5,,,,,,,,,,,,,,,,,,,,,,,,,,,,,,,,,,,,,,,,,,
14-May-21,2,897,1,Shade/No fert/Thin,25,20,80,15,,,,,,1,,,3,t,,,,,,,,,,,,,,,,,,,,,,,,,,,,,,,,,,,,,,,,,
14-May-21,3,897,1,Shade/Fert/Thin,0,100,120,15,,,,,,5,,,2,,2,,,,,,,,,,,,,,,,,,,,,,,,,,,,,,,,,,,,,,,,
14-May-21,4,897,1,Amb/Fert/Thin,60,0,150,10,,,,,,,,,t,,,,,,,,,,,,,,,,,,,,,,,,,,,,,,,,,,,,,,,,,,
14-May-21,5,897,1,Sun/No fert/Thin,70,0,100,15,2,,,,,,10,1,5,,5,5,,,,,,,,,,,,,,,,,,,,,,,,,,,,,,,,,,,,,,,
14-May-21,6,897,1,Shade/No fert/No thin,0,100,120,15,,,,,,2,,1,1,,3,,,,,,,,,,,,,,,,,,,,,,,,,,,,,,,,,,,,,,,,
14-May-21,7,897,1,Amb/No fert/Thin,70,0,90,5,5,15,,,,13,,,5,,,,,,,,,,,,,,,,,,,,,,,,,,,,,,,,,,,,,,,,,,
14-May-21,8,897,1,Amb/Fert/No thin,0,100,120,25,t,,,,,,,,t,,,,,,,,,,,,,,,,,,,,,,,,,,,,,,,,,,,,,,,,,,
14-May-21,9,897,1,Shade/Fert/No thin,70,30,120,30,,,,,,t,,,,,,,3,,,,,,,,,,,,,,,,,,,,,,,,,,,,,,,,,,,,,,
14-May-21,10,897,1,Sun/Fert/No thin,70,10,80,20,,,,,,3,,,t,,,,,5,,,,,,,,,,,,,,,,,,,,,,,,,,,,,,,,,,,,,
14-May-21,11,897,1,Sun/No fert/No thin,10,90,50,30,,,,,,,15,,,,5,,,,,,,,,,,,,,,,,,,,,,,,,,,,,,,,,,,,,,,,
14-May-21,12,897,1,Amb/No fert/No thin,70,30,40,20,,,,,,,,t,1,,3,,,5,,,,,,,,,,,,,,,,,,,,,,,,,,,,,,,,,,,,,
14-May-21,13,966,2,Sun/No fert/Thin,85,15,30,,30,10,,7,,,,1,3,,,,,,1,,,,,,,,,,,,,,,,,,,,,,,,,,,,,,,,,,,,
14-May-21,14,966,2,Sun/Fert/Thin,20,80,100,15,15,,,10,,,,1,,,,,,,,1,,,,,,,,,,,,,,,,,,,,,,,,,,,,,,,,,,,
14-May-21,15,966,2,Amb/Fert/Thin,0,100,120,15,10,20,,,,,,1,,,,,,,,,,,,,,,,,,,,,,,,,,,,,,,,,,,,,,,,,,,
14-May-21,16,966,2,Amb/No fert/Thin,70,20,40,15,15,15,,2,,,,2,,,,,,,,,,,,,,,,,,,,,,,,,,,,,,,,,,,,,,,,,,,
14-May-21,17,966,2,Shade/No fert/No thin,90,10,20,,15,30,,,,,,10,,,,2,,,,,1,,,,,,,,,,,,,,,,,,,,,,,,,,,,,,,,,,
14-May-21,18,966,2,Shade/Fert/No thin,0,100,50,20,,,5,,,,,,,,,,,,,,,,,,,,,,,,,,,,,,,,,,,,,,,,,,,,,,,,
14-May-21,19,966,2,Sun/Fert/No thin,15,85,20,40,,,2,,,,,,,,,,,,,,,,,,,,,,,,,,,,,,,,,,,,,,,,,,,,,,,,
14-May-21,20,966,2,Shade/No fert/Thin,65,25,30,10,20,10,5,,,5,,1,,,,5,,,,,,,,,,,,,,,,,,,,,,,,,,,,,,,,,,,,,,,
14-May-21,21,966,2,Shade/Fert/Thin,55,45,110,,15,15,,,,,,1,,,,,,,1,,,1,,,,,,,,,,,,,,,,,,,,,,,,,,,,,,,,,
14-May-21,22,966,2,Amb/Fert/No thin,80,20,25,5,,15,1,,1,,,2,1,,2,2,,,1,,5,,,,,,,,,,,,,,,,,,,,,,,,,,,,,,,,,,
14-May-21,23,966,2,Sun/No fert/No thin,65,35,25,5,20,5,,,,,,,,,,,,,,,,,t,,,,,,,,,,,,,,,,,,,,,,,,,,,,,,,,
14-May-21,24,966,2,Amb/No fert/No thin,t,100,60,,20,10,5,,,3,,,,,,,,,1,,,,10,1,,,,,,,,,,,,,,,,,,,,,,,,,,,,,,,
14-May-21,25,967,3,Sun/Fert/Thin,t,100,60,10,,10,,,,,,,5,,,,,,,,,,,,10,,,,,,,,,,,,,,,,,,,,,,,,,,,,,,
14-May-21,26,967,3,Amb/Fert/Thin,t,100,120,10,5,5,,,,,,,1,,,,,,,,,,,,,,,,,,,,,,,,,,,,,,,,,,,,,,,,,,
14-May-21,27,967,3,Amb/No fert/Thin,t,100,120,20,,10,,,,,,,,,,,,,,5,,,,,,,,,,,,,,,,,,,,,,,,,,,,,,,,,,,
14-May-21,28,967,3,Sun/No fert/No thin,10,90,45,10,,15,,1,,,,,,,,,,,1,,t,,,,,,,,,,,,,,,,,,,,,,,,,,,,,,,,,,
14-May-21,29,967,3,Shade/Fert/Thin,t,100,120,15,3,10,,,,,,,,,,,,,,5,,,,,,,,,,,,,,,,,,,,,,,,,,,,,,,,,,,
14-May-21,30,967,3,Shade/No fert/No thin,t,100,80,30,,5,,,,5,,,t,,,,,,,,,,3,,,,,,,,,,,,,,,,,,,,,,,,,,,,,,,,
14-May-21,31,967,3,Shade/No fert/Thin,35,70,40,10,,20,,3,,,,t,1,,,,,,5,,5,,t,,,5,,,,,,,,,,,,,,,,,,,,,,,,,,,,,
14-May-21,32,967,3,Sun/Fert/No thin,40,60,110,5,,20,,,,,,,t,,,,,,,7,,,,,,,,,,,,,,,,,,,,,,,,,,,,,,,,,,,
14-May-21,33,967,3,Sun/No fert/Thin,15,85,120,5,,25,,,,,,,3,,,,,,,,5,,,,,,,,,,,,,,,,,,,,,,,,,,,,,,,,,,
14-May-21,34,967,3,Amb/Fert/No thin,20,80,100,15,,20,,,,,,,3,,,,,,5,,t,,,,,,,,,,,,,,,,,,,,,,,,,,,,,,,,,,
14-May-21,35,967,3,Amb/No fert/No thin,50,10,50,,,30,,,,,,,,,,,,,3,,1,,,,,,,,,,,,,,,,,,,,,,,,,,,,,,,,,,
14-May-21,36,967,3,Shade/Fert/No thin,20,60,110,,,40,,,,,,,5,,,,,,,,,t,,,,,,,,,,,,,,,,,,,,,,,,,,,,,,,,,
14-May-21,37,968,4,Shade/Fert/No thin,t,100,50,30,,10,,2,5,2,,,,,t,2,,,,,,t,1,,,,,,,,,,,,,,,,,,,,,,,,,,,,,,,,
14-May-21,38,968,4,Sun/No fert/Thin,t,100,100,25,,5,,2,5,5,,5,,5,,,,,,1,,1,t,,,,,,,,,,,,,,,,,,,,,,,,,,,,,,,,
14-May-21,39,968,4,Shade/Fert/Thin,t,100,120,25,5,3,,5,,,,1,,,,,,,,,,,t,,,,t,,,,,,,,,,,,,,,,,,,,,,,,,,,,
14-May-21,40,968,4,Amb/Fert/Thin,60,20,20,,,20,,,2,10,,,t,,2,2,,,,,,,,,,,,10,,,,,,,,,,,,,,,,,,,,,,,,,,,
14-May-21,41,968,4,Sun/Fert/No thin,10,90,90,5,,20,,5,2,,,2,,,,,,,,,,,,,,,,5,1,,,,,,,,,,,,,,,,,,,,,,,,,,
14-May-21,42,968,4,Shade/No fert/Thin,t,100,40,10,20,,,3,,,,,1,,,2,,,,5,,,,,,,,,,3,,,,,,,,,,,,,,,,,,,,,,,,,
14-May-21,43,968,4,Amb/No fert/Thin,t,100,50,30,,,,5,2,,,,,,2,,,,,,,,,,,,,,,,,,,,,,,,,,,,,,,,,,,,,,,,
14-May-21,44,968,4,Sun/Fert/Thin,t,100,130,20,,,,1,1,3,,,,,t,,,,,,,,,,,,,,,,1,2,,,,,,,,,,,,,,,,,,,,,,,
14-May-21,45,968,4,Shade/No fert/No thin,t,100,50,,20,15,2,3,,5,,2,,,2,2,,,,,,1,,,,,,,5,,,,2,1,,,,,,,,,,,,,,,,,,,,,
14-May-21,46,968,4,Sun/No fert/No thin,t,100,60,30,,,5,t,t,,,,,t,,,,,,,,,,,,,,,,,,,,,,,,,,,,,,,,,,,,,,,,,
14-May-21,47,968,4,Amb/Fert/No thin,t,70,40,30,,,3,,,,,,,1,,1,,,,,,,,,25,,,,,,,,,,,,,,,,,,,,,,,,,,,,,,
14-May-21,48,968,4,Amb/No fert/No thin,t,100,75,t,30,5,1,8,1,,,,,,,,,,,,,,,,,,,,,,,,,2,,,,,,,,,,,,,,,,,,,,,
15-May-21,49,969,5,Shade/No fert/No thin,35,65,30,20,,,,,t,,,3,,,1,,,,,,,t,,,,,,2,,,,,,,,,,,,,,,,,,,,,,,,,,,
15-May-21,50,969,5,Sun/Fert/Thin,10,90,100,20,2,5,,1,1,,,1,,,,t,,10,1,,,,,,,,,,,,,,,,,,,,,,,,,,,,,,,,,,,,
15-May-21,51,969,5,Shade/No fert/Thin,15,85,60,5,20,,5,2,t,,,t,,,5,1,,,3,,1,,,,,,,,,,,,1,,,,,,,,,,,,,,,,,,,,,,
15-May-21,52,969,5,Amb/No fert/No thin,10,90,60,5,10,20,,,t,1,,1,,,,,,,1,,,1,,,,,,5,,,,,,,,,,,,,,,,,,,,,,,,,,,
15-May-21,53,969,5,Amb/Fert/No thin,t,100,70,10,15,10,2,,t,,,1,,,,,,,2,,1,,t,,,,,,,,,,2,1,,,,,,,,,,,,,,,,,,,,,
15-May-21,54,969,5,Sun/No fert/No thin,t,100,100,8,,20,,,1,,,1,,,1,,,,1,7,,1,,,3,,,,,,,,,,,,,,,,,,,,,,,,,,,,,,
15-May-21,55,969,5,Amb/Fert/Thin,t,100,110,5,30,10,2,,,5,,5,,,,,,,,,10,,,,5,,,3,,,,,,,3,,,,,,,,,,,,,,,,,,,,
15-May-21,56,969,5,Shade/Fert/Thin,45,55,40,10,15,15,3,,,,,,,,,,,,t,,5,5,t,,,,,,,,,,,,,,,,,,,,,,,,,,,,,,,,
15-May-21,57,969,5,Sun/No fert/Thin,t,100,40,10,10,20,5,,,,,,1,,,,,,1,,,1,1,,,,,3,,,,,,,,2,,,,,,,,,,,,,,,,,,,
15-May-21,58,969,5,Sun/Fert/No thin,10,90,40,5,5,20,,,,,,1,,,,1,,,1,,10,3,10,3,,,,8,,,,,,,,,3,,,,,,,,,,,,,,,,,,
15-May-21,59,969,5,Shade/Fert/No thin,20,80,50,5,20,5,1,,,,,2,,,,,,,2,,5,,,,,,,,,,,,,,,,2,,,,,,,,,,,,,,,,,,
15-May-21,60,969,5,Amb/No fert/Thin,70,30,45,,15,5,1,,3,,,8,,,1,,,,2,,5,,,,,,,,,,,,,,,t,,15,,,,,,,,,,,,,,,,,
15-May-21,61,970,6,Sun/No fert/Thin,10,90,50,10,20,15,,1,,,,,,,,,,,,,,,,,,,,,,,,,,,,,,,,,,,,,,,,,,,,,,,
15-May-21,62,970,6,Shade/Fert/Thin,10,90,70,t,40,5,,,,5,,,,,,,,,,,,,,,,,,,,,,,,,,,,,,,,,,,,,,,,,,,,,
15-May-21,63,970,6,Sun/Fert/Thin,t,100,80,10,,10,5,,t,,,t,,,,,,,,,,,,,,,,,,,,,,,,,,,,,,,,,,,,,,,,,,,
15-May-21,64,970,6,Sun/No fert/No thin,15,85,90,10,,30,,,,5,,,,,,,,,,,,,,,,,,5,,,,,,,,,,,,,,,,,,,,,,,,,,,
15-May-21,65,970,6,Amb/Fert/No thin,t,100,50,10,,25,5,,,,,t,,,t,,,,,,,3,,,,,,,,,,,,,,,,,,,,,,,,,,,,,,,,,
15-May-21,66,970,6,Sun/Fert/No thin,10,90,80,20,5,5,5,,,5,,,,,,,,,,,,,,,,,,,,,,,,,,,,,,,,,,,,,,,,,,,,,
15-May-21,67,970,6,Amb/No fert/Thin,80,20,50,5,,25,5,1,,,,t,,,,t,,,t,,,,,,,,,,,,,,,,,,,,,,,,,,,,,,,,,,,,
15-May-21,68,970,6,Amb/Fert/Thin,80,10,100,5,5,20,2,1,,,,t,,,,,,,,,,,2,,,,,,,,,,,,,,,,,,,,,,,,,,,,,,,,
15-May-21,69,970,6,Shade/Fert/No thin,t,100,150,20,,,8,,1,,,,,,,,,,,,,,,,,,,,,,,,,,,,,,,,,,,,,,,,,,,,,,
15-May-21,70,970,6,Shade/No fert/No thin,t,100,100,30,,10,,1,,,,,,,,,,,,,,,,,,,,,,,,,,,,,,,,,,,,,,,,,,,,,,,
15-May-21,71,970,6,Amb/No fert/No thin,10,90,100,10,10,20,,3,,,,t,,,,,,,,,,,,,,,,,,,,,,,,,,,5,,,,,,,,,,,,,,,,
15-May-21,72,970,6,Shade/No fert/Thin,t,100,110,25,,15,5,,,5,,2,1,,1,,,,t,,,,,,,,,,,,,,,,,,,,,,,,,,,,,,,,,,,,
15-May-21,73,971,7,Amb/Fert/No thin,90,t,10,,8,15,2,5,10,8,,,,10,t,1,,,,,5,5,,,,,,,,,,,,,,,1,,,15,3,5,,1,,,,,,,,,,,
15-May-21,74,971,7,Shade/No fert/No thin,10,90,110,40,,,3,3,5,,,2,,1,t,,,,t,,,,,,,,5,,,,,,,,,,,,,5,,,,,,,,,,,,,,,
15-May-21,75,971,7,Shade/No fert/Thin,70,10,20,10,,15,5,15,t,,,1,,3,,,,,1,,5,,,,,,,,,,,,,,,,2,,,,,,,,2,,,,,,,,,,
15-May-21,76,971,7,Sun/No fert/Thin,10,90,50,,25,10,,5,5,,,1,,3,5,,,,,2,,,,,,,,,,,,,,,,,5,,,,,,,,,,,,,,,,,,
15-May-21,77,971,7,Shade/Fert/Thin,1,100,100,15,5,20,,,10,,,,3,,7,1,,,,,,,,,,,,1,,,5,,,,10,,3,,8,,,,,,,15,,,,,,,,,
15-May-21,78,971,7,Sun/Fert/No thin,80,30,25,5,,20,,5,6,,,t,,15,t,1,5,,t,,,,,,,,,,,,,,,,,,,,,3,,5,,,,10,,,,,,,,,
15-May-21,79,971,7,Sun/Fert/Thin,70,30,50,10,,15,,5,1,,,,,10,,t,,,,5,8,,,6,,,,,,,3,,,,,,5,,8,25,,,,,,,,,,,,,,,
15-May-21,80,971,7,Sun/No fert/No thin,10,90,30,10,15,10,,5,5,,,,,8,5,,,,,,,,,,,,,,,,,,,,,,,,,15,,,,,,,,,,,,,,,
15-May-21,81,971,7,Amb/Fert/Thin,70,10,0,5,3,10,2,5,,25,,t,,5,t,,,,,,10,,,15,,3,1,,,,,,,,,,,,,,,,,,,2,,,,,,,,,
15-May-21,82,971,7,Amb/No fert/No thin,t,100,25,5,5,,,10,5,,,,,5,3,2,,,,,,,,,15,20,,,,,,,,,,,15,,,,,,,,,,,,,,,,,,
15-May-21,83,971,7,Amb/No fert/Thin,wasn't on sheet,wasn't on sheet,60,5,5,15,,10,2,,,,,7,1,,,,,,,,,,,5,,,,,,,,,,,10,,,,,,,,,,3,,,,,,,,
15-May-21,84,971,7,Shade/Fert/No thin,25,75,20,10,,10,,3,7,,,1,,15,2,,,,,,,2,,5,,,,,,,,,,,,,,,5,,,,,,,,,,,,,,,,
15-May-21,85,972,8,Shade/No fert/No thin,20,80,50,50,5,,10,1,3,,,,,,1,1,,,,,,,,,20,,,,,,,,,,,,5,,,,,,,,,,,,,,,,,,
15-May-21,86,972,8,Sun/No fert/No thin,70,20,30,5,30,5,5,5,1,,,,,1,1,,,,,,,5,,,,,,,,,,,,,,,5,,,,,,,,,,,,,,,,,,
15-May-21,87,972,8,Sun/Fert/Thin,70,20,30,5,40,t,,10,2,,,1,,,,,3,,1,,,,,,,,,,,,,,,,,,1,,,,,,,,,,,,,,,,,,
15-May-21,88,972,8,Shade/Fert/No thin,5,95,30,40,8,,5,1,2,,,,,,1,,,,,,,,,,,,,,,,,1,2,,,,7,,,,,,,,,,,,,,,,,,
15-May-21,89,972,8,Amb/Fert/No thin,30,40,20,5,30,,,5,1,,,,,1,1,,,,,,,,,,,,,,,,,,,,,,2,,,,,,,,,,,,,,,,,,
15-May-21,90,972,8,Sun/No fert/Thin,30,70,40,10,35,,3,12,1,,,t,,,1,,5,,,5,,,,,,,,,,,,,,,,,5,,,,,,,,,,,,,,,,,,
15-May-21,91,972,8,Amb/No fert/No thin,30,70,15,15,10,,5,,,,,,,3,t,,,,,,,,,,,,,,,,3,,,,,,2,,,,,,,,,,,,,,,,,,
15-May-21,92,972,8,Shade/Fert/Thin,75,25,25,15,5,,,2,2,,,,,5,t,,2,,,,,,,,,,5,,,,,,,,,,1,,,,,,,,,,,,,,,,,,
15-May-21,93,972,8,Amb/No fert/Thin,20,30,25,15,15,3,5,2,,,,,,3,1,1,,,,5,,,,,20,,,,,,,,,,,,2,,,,,,,,,,,,,,,,,,
15-May-21,94,972,8,Amb/Fert/Thin,60,40,10,35,5,,5,5,1,,,t,,t,,,,,,,,,,,,,,,,,,,,,,,3,,,15,,,,,,,,,,,,,,,
15-May-21,95,972,8,Shade/No fert/Thin,t,100,20,20,10,5,,5,t,,,,,,t,,,5,,,,,,,,,,,,,,,,,,,3,,,15,,,,,,,,,,,,,,,
15-May-21,96,972,8,Sun/Fert/No thin,80,20,30,15,15,,3,5,2,,,1,,,,,5,7,,,,1,,,,,3,,,,,,,,,,5,,,,,,,,,,,,,,,,,,
15-May-21,97,973,9,Amb/No fert/No thin,10,90,50,15,15,5,8,,3,,,,,,5,,,,,5,,,t,,,,,,,,,,,,,,,,,,,,,,,,,,,,,,,,
15-May-21,98,973,9,Amb/Fert/No thin,10,90,60,25,10,t,,,,,,t,,,t,,,,,,,,3,,,,,,,,,,,,,,,,,,,,,,,,,20,,,,,,,
15-May-21,99,973,9,Shade/Fert/Thin,15,80,65,20,15,5,3,,1,,,1,,,,,,5,,,,,,,,,,,,,,,,,,,t,,,,,,,,,,,5,,,,,,,
15-May-21,100,973,9,Shade/No fert/Thin,50,50,55,15,10,5,,,3,,,1,,,t,,,,,,,,,,,,,,,,,,,,,,5,,,,,,,,,,,,,,,,,,
15-May-21,101,973,9,Sun/Fert/Thin,t,100,100,10,15,,,2,,5,,1,,t,,,,,,,,,,,,,,,,,,,,,,,,,,,,,,,,,,1,,,,,,,
15-May-21,102,973,9,Amb/Fert/Thin,20,80,40,15,5,5,3,,1,,,5,,,,,,,,,,,,,,,,,,,,,,,,,,,15,,,,,,,,,,20,5,,,,,
15-May-21,103,973,9,Shade/No fert/No thin,70,10,15,5,10,15,,t,3,,,1,5,,2,,,,,12,,,,,,,,,,,,,,,,,,15,,,,,,,,,,,,,,,,,
15-May-21,104,973,9,Sun/No fert/Thin,10,90,100,10,10,5,5,2,1,,,t,,,,,,,,,,,,,,,,,,,,,,,,,,,,,,,,,,,,,,,,,,,
15-May-21,105,973,9,Sun/No fert/No thin,60,10,50,15,10,5,5,,t,,,t,,2,,,,,,2,,,,,,,,,,,,,,,,,,,5,,,,,,,,,,,,,,,,
15-May-21,106,973,9,Shade/Fert/No thin,t,100,80,30,3,3,5,10,,1,,1,,,,,,,2,3,,,,1,,,,,,,,,,t,,,3,,,,,,,,,,,,,,,,,,
15-May-21,107,973,9,Amb/No fert/Thin,60,20,30,15,7,5,3,t,2,,,t,,,,,,,,,,,,,,,1,,,,,,,,,,,,,3,,,,,,,,,,,,,,,
15-May-21,108,973,9,Sun/Fert/No thin,70,15,70,5,20,10,,,t,,,2,,,,,,,,,5,,t,1,,,1,3,,,1,,,,,,5,5,,5,,,,,,,,,,,,,,,
15-May-21,109,974,10,Shade/Fert/Thin,t,100,60,5,20,3,5,,5,,,t,,,5,,,5,2,,,,,,,,t,,,,,2,,,,,1,7,,,,,,,,,,,,,,,,,
15-May-21,110,974,10,Shade/No fert/Thin,t,100,100,5,15,12,5,,5,,,t,,2,,1,,,3,,,,,,,,,,5,,,,,,,,3,,,,,,,,,,,,,,1,,,,
16-May-21,111,974,10,Amb/No fert/No thin,80,20,80,40,,7,20,,5,,,3,,,t,,,t,,,,t,,,,,5,,,,,2,,,,,,,,,,,,,,,,,,,,,,,
16-May-21,112,974,10,Amb/Fert/Thin,80,20,30,15,15,3,10,,15,,,,,,,,,,,1,,,,,,,5,,,,,,,,,,,,,,,,,,,,,,,,,,,,
16-May-21,113,974,10,Sun/Fert/Thin,40,40,25,25,,,5,,7,,,1,,,,,,,1,,,,,,30,,,,,,,,,,,,5,,,,,,,,,,,,,,,,,,
16-May-21,114,974,10,Amb/Fert/No thin,t,100,30,25,,2,15,,10,,,,,,2,,,,,,,,,,,,1,,,,,1,,,,,3,,,,,,,,,,,5,,,10,,,,
16-May-21,115,974,10,Sun/No fert/Thin,10,90,60,25,,2,10,,5,,,t,t,,,,,,t,,,,,,,,,,,,,,,,,,t,,,,,,,,,,,,,,,,,,
16-May-21,116,974,10,Sun/No fert/No thin,10,90,20,35,5,,10,,5,,,,,,2,,,,,,,,,,,,10,,,,,1,,,,,5,,,,,,,,,,,,,,,,,,
16-May-21,117,974,10,Amb/No fert/Thin,t,100,75,25,5,,10,,5,,,5,,,3,,,2,t,,,,,,,,,,,,2,,,,,,,,,,,,,,,,,,,,,,,,
16-May-21,118,974,10,Shade/Fert/No thin,20,80,80,35,15,5,5,,,2,,2,,t,2,,,,t,,,,,,,,t,,,,,1,,,,,1,t,,,,,,,,,,,,,,,,,
16-May-21,119,974,10,Shade/No fert/No thin,5,95,90,10,20,10,,,2,,,t,,t,1,,,,2,,,,,,,,,,,,,,,,,,5,,,,,,,,,,,,,,,,,,
16-May-21,120,974,10,Sun/Fert/No thin,t,100,90,20,,15,5,,10,,,2,,t,t,,,,,,,,,,,,,,,,,3,,,,,1,,,,,,,,,,,,,,,,,,
15-May-21,121,975,11,Shade/No fert/Thin,75,10,10,5,10,15,2,2,,,,,,,,,,,,,,,,,,,,,,,,,,,,,8,,,,,,,,,,,,,,,,,,
15-May-21,122,975,11,Shade/No fert/No thin,70,20,20,15,20,2,2,7,,,,5,,,,,,,2,1,,,,,,,,,,,,,,,,,8,,,,,,,,,,,,,,,,,,
15-May-21,123,975,11,Amb/Fert/Thin,60,20,30,10,20,,5,7,,,,,,,,,,,,,,,,,,,,,,,,,,,,,8,,,,,,,,,,,,,,,,,,
15-May-21,124,975,11,Shade/Fert/Thin,15,85,40,10,20,10,8,5,,,,t,,1,,t,5,,,,,,,,,,,,,,,,,,,,2,,,,,,,,,,,,,,,,,,
15-May-21,125,975,11,Sun/No fert/No thin,t,100,45,15,25,,2,,,,,,,,,t,,,t,,,,,,,,,,,,,,,,,,1,,,,,,,,,,,,,,,,,,
15-May-21,126,975,11,Shade/Fert/No thin,10,90,50,10,25,5,2,8,,,,,,,,,5,,,,,,,,,,,,,,,,,,,,8,,,,,,,,,,,,,,,,,,
15-May-21,127,975,11,Amb/Fert/No thin,10,90,20,10,35,,10,,t,,,t,,,,,,,,,,,,,15,,,,,,,,,,,,2,,,,,,,,,,,,,,,,,,
15-May-21,128,975,11,Sun/Fert/Thin,10,90,20,10,20,3,3,,5,,,,,,,,,,t,4,,,,3,,,,,,,,,,,,,3,,,3,,,,,,,,,,,,,,,
15-May-21,129,975,11,Amb/No fert/No thin,60,40,35,5,15,5,8,2,t,,,,,1,,,5,,,t,,3,,5,,,,,,,,t,,,,,2,,,,,,,,,,,,,,,,,,
15-May-21,130,975,11,Sun/No fert/Thin,t,100,10,,25,2,,,,,,,,,t,,2,,t,,,,,,,,,,,,,,,,,,7,,,,,,,,,,,,,,,,,,
15-May-21,131,975,11,Sun/Fert/No thin,30,70,20,5,25,,10,,5,,,,,,,,,,,,,,,3,,,,,,,,,,,,,1,,,5,,,,,,,,,,,,,,,
15-May-21,132,975,11,Amb/No fert/Thin,10,90,40,15,20,,15,,1,,,,,,,,,,,,,,,,,,,,,,,,,,,,1,,,,,,,,,,,,,,,,,,
15-May-21,133,976,12,Sun/Fert/Thin,10,90,30,5,15,5,20,,2,,,,5,2,,,,,,,,,,3,,,,,,,,2,,,,,3,,10,,,,,,,,,1,,,,,,,
15-May-21,134,976,12,Sun/No fert/No thin,30,70,15,15,10,,15,,10,,,,,t,5,,1,t,,5,,,,10,,,,,2,,,1,,,,,,,,,,,,,,,,,,,,,,,
15-May-21,135,976,12,Amb/Fert/Thin,70,30,20,40,,,10,,3,,,1,t,2,,,,,,,,,t,,,,,,,,,,,,,,,,,,,,,,,,,,,,,,,,
15-May-21,136,976,12,Sun/Fert/No thin,25,50,25,15,10,15,15,,5,,,,,,3,,,,,5,,5,10,10,,,2,,,,,3,,,,,3,,2,,,,,,,,,5,,,,,5,,
15-May-21,137,976,12,Amb/Fert/No thin,t,100,60,5,40,,10,,3,,,,,,,,2,,t,8,,1,,3,,,,,,,,t,,,,,,,,,,,,,,,,5,,,,,,,
15-May-21,138,976,12,Amb/No fert/Thin,10,90,40,5,35,,10,,,,,2,t,,,,2,,1,,,,,1,,,5,1,,,,1,,,,,3,,,,,,,,,,,8,,,,,,,
15-May-21,139,976,12,Shade/No fert/No thin,25,50,20,40,,,10,,7,,,1,,,,,1,,,,,,5,7,20,,,,,,,1,,,,,10,,,,,,,,,,,,,,,5,,,
15-May-21,140,976,12,Shade/Fert/No thin,10,90,70,30,10,,15,,2,,,,,,,,,,,5,,,,,,,,,,,,,,,,,1,,,,,,,,,,,5,,,,,,,
15-May-21,141,976,12,Shade/No fert/Thin,t,100,65,20,10,t,5,,,,,,,,,,5,,,2,,,,5,,,2,,,,,,,,,,5,10,2,,,,,,,,,,,,,35,,,
15-May-21,142,976,12,Amb/No fert/No thin,t,100,40,10,20,5,15,2,10,,,,,5,,,3,,1,3,,,,,,,,,,,,,,,,,2,,,,,,,,,,,,,,,,,,
15-May-21,143,976,12,Shade/Fert/Thin,50,40,25,35,5,,10,,,,,t,1,1,5,,5,,,,,,,,,,,,,,,,,,,,7,,,,,,,,,,,5,,,,,,,
15-May-21,144,976,12,Sun/No fert/Thin,20,80,50,,10,20,,5,,,,,,2,3,,5,,,5,,,,10,,,,,,,,,,,,,5,,,,,,,,,,,2,,,,,,,
16-May-21,145,977,13,Sun/No fert/Thin,30,70,80,20,,10,10,,15,10,,1,1,,,,3,,,,,,,,,,2,,,,,,,,5,,,,,,,,,,,,,,,,,,,,
16-May-21,146,977,13,Amb/No fert/Thin,t,100,90,60,,8,,,5,,,,,,7,,,,,,,,,,25,,1,,,,,1,,,10,,,,,,,,,,,,,,,,,,,,
16-May-21,147,977,13,Sun/No fert/No thin,t,100,40,30,,2,15,,,,,3,,,,,,,,,,,,,,,,,,,,t,,,,,,,,,,,,,,,,,,,,,,,
16-May-21,148,977,13,Amb/Fert/Thin,35,65,110,15,,25,,,,,,5,,,t,,,,7,,,,,,,,,,,,,,,,,,,,,,,,,,,,,,,,,,,,
16-May-21,149,977,13,Amb/Fert/No thin,10,90,100,45,,,,,,,,t,,,,,,,,,,,,,,,,,,,,,,,,,,,,,,,,,,,,,,,,,,,
16-May-21,150,977,13,Shade/Fert/Thin,15,85,150,15,,15,,,,,,t,,,,,,,1,,,,,,,,,,,,,,,,,,5,,,,,,,,,,,,,,,,,,
16-May-21,151,977,13,Sun/Fert/Thin,t,100,70,20,35,15,1,,,,,,,,t,,,,1,3,,,,,,,,,,,,,,,,,,,,,,,,,,,,,,,,,,,
16-May-21,152,977,13,Shade/Fert/No thin,t,100,80,20,,15,,,,,,1,,,,,5,,,,5,,,,,,10,,,,,t,,,,,5,,,,,,,,,,,,,,,,,,
16-May-21,153,977,13,Shade/No fert/No thin,t,100,100,40,,5,3,3,1,5,,t,,,,,,,3,,1,,,,,,,,,,,,,,3,,,,,,,,,,,,,,,,,,,,
16-May-21,154,977,13,Sun/Fert/No thin,30,70,35,20,25,15,5,5,,,,,,,,,,,2,,,,,,,,,,,,,3,,,,,3,,,,,,,,,,,,,,,,,,
16-May-21,155,977,13,Shade/No fert/Thin,t,100,30,10,30,10,5,,5,,,,1,,,,,,1,,,,,,,,5,,,,,,15,,,,5,,,,,,,,,,,,,,,,,,
16-May-21,156,977,13,Amb/No fert/No thin,50,40,20,15,5,5,,,10,,,,,,,,,,,,,,,,,,,,,,,,,,,,5,,15,,,,,,,,,,,,,,,,
16-May-21,157,978,14,Shade/Fert/No thin,80,20,40,10,20,,10,5,12,,,1,,,,,2,,,,,,,,,,,,,,,t,,,,,5,,,,,,,,,,,,,,,,,,
16-May-21,158,978,14,Shade/No fert/No thin,70,30,15,60,20,20,20,5,7,,,,,15,,t,,,,,,,,1,,,,,5,,,,,,,,5,,,,,,,,,,,,,,,,,,
16-May-21,159,978,14,Shade/No fert/Thin,10,90,25,15,5,2,10,,7,,,,,10,7,1,,,,,5,,,,,,1,,,,,,,,,,2,,,,,,,,,,,,,,,,,,
16-May-21,160,978,14,Shade/Fert/Thin,t,100,40,20,,5,10,3,5,,,t,,,,1,,,1,,5,,,10,15,,,,,,,,,,,,5,,,,,,,,,,,,,,,,,,
16-May-21,161,978,14,Sun/No fert/Thin,20,80,60,15,5,5,15,8,5,,,1,,3,,,,,,,5,,,,,,,,,,,,,,,,,,,,,,,,,,,,,,,,,,
16-May-21,162,978,14,Amb/Fert/No thin,60,40,40,15,35,,5,5,5,,,1,,15,t,,2,,,,,,,,,,,,,,,,,,,,1,,,,,,,,,,,,,,,,,,
16-May-21,163,978,14,Sun/No fert/No thin,10,90,25,35,15,t,10,,10,,,3,,,,,,,,,,,,,,,,,,,,,,,,,,,,,,,,,,,,,,,,,,,
16-May-21,164,978,14,Sun/Fert/Thin,70,30,75,15,20,3,10,,10,,,,,7,,,,,,,,,,,,,5,,,,,,,,,,1,,,,,,,,,,,,,,,,,,
16-May-21,165,978,14,Amb/No fert/No thin,70,30,15,40,10,,15,7,1,,,,,15,,,,,,,,,,,,,,,,,,,,,,,7,,,,,,,,,,,,,,,,,,
16-May-21,166,978,14,Amb/No fert/Thin,40,60,20,50,,,15,5,3,,,,,2,,,3,,,,,,,,,,7,,,,,,,,,,8,,,,,,,,,,,,,,,,,,
16-May-21,167,978,14,Amb/Fert/Thin,t,100,70,10,10,5,12,8,5,,,,,1,1,,,,,,,,,,,,,,,,,,,,,,5,,,,,,,,,,,,,,,,,,
16-May-21,168,978,14,Sun/Fert/No thin,20,80,30,15,25,,10,2,5,,,,3,2,1,,5,,,,,,,2,,,,,,,,,,,,,2,,,,,,,,,,,,,,,,,,
16-May-21,169,979,15,Amb/Fert/Thin,60,20,70,,50,5,5,8,5,,,,,,,,,,,,,,,,,,,,,,,,,,,,2,,,,,,,,,,,,,,,,,,
16-May-21,170,979,15,Amb/Fert/No thin,80,15,25,,25,10,,15,15,,,,,,,2,10,,,,,,,,,,5,,,,,,,,,,,,,,,,,,,,,,,,,,,,
16-May-21,171,979,15,Sun/Fert/No thin,90,10,35,,15,15,,15,12,,,2,,,,,3,,,,5,,,5,,,10,,,,,,,,,,3,,,,,,,,,5,,,,,,,,,
16-May-21,172,979,15,Amb/No fert/Thin,60,40,40,5,30,5,10,7,5,,,2,,,,,,,,,,,,,,,,,,,,,,,,,1,,,,,,,,,,,,,,,,,,
16-May-21,173,979,15,Shade/Fert/Thin,75,20,50,25,,,7,10,10,,,t,,,,,,,,,,,,,,,,,,,,,,,,,,,,,,,,,,,,,,,,,,15,
16-May-21,174,979,15,Amb/No fert/No thin,70,20,35,5,25,15,2,5,15,10,,,,,,,,,,,,,,,,,5,,,,,t,,,,,8,,,,,,,,,,,,,,,,,,
16-May-21,175,979,15,Shade/No fert/Thin,80,15,25,,20,15,15,15,12,5,,5,,,t,,,,,,5,,,8,,,,,,,,,,,,,8,,,,,,,,,,,,,,,,,,
16-May-21,176,979,15,Sun/Fert/Thin,70,30,50,20,15,10,5,10,7,3,,,1,,,,,,,2,10,,,5,,,,,,,,,,,,,5,,,,,,,,,,,,,,,,,,
16-May-21,177,979,15,Shade/Fert/No thin,50,40,30,20,10,15,,15,10,,,,3,,,,,,,,,,,,,,,,,,,,,,,,3,,,,,,,,,,,,,,,,,,
16-May-21,178,979,15,Shade/No fert/No thin,t,100,20,40,,15,15,12,10,,,5,1,,,,,,t,,,,,,,,,,,,,,,,,,,,,,,,,,,,,,,,,,,,
16-May-21,179,979,15,Sun/No fert/No thin,20,80,30,20,20,,20,3,15,,,3,,,,,,,,,,,,,,,2,,,,,,,,,,,,,,,,,,,,,,,,,,,2,
16-May-21,180,979,15,Sun/No fert/Thin,60,30,40,10,5,5,10,7,5,,,2,,,,,,,1,,5,,,,,,,,,,,,,,,,1,,,,,,,,,,,,,,,,,,
16-May-21,181,980,16,Shade/Fert/No thin,30,70,50,15,15,10,,12,,,,1,5,,,,,,,,,,,,,,3,,,,,,,,,,,,,,,,,,,,,12,,,,,,,
16-May-21,182,980,16,Sun/Fert/No thin,60,30,60,60,10,20,,10,,,,,10,,,,,,,,10,,,,,,10,,,,,,,,,,,,,,,,,,,,,2,,,,,,,
16-May-21,183,980,16,Shade/No fert/Thin,t,100,100,10,,20,,12,,,,,,,,t,,,,,40,,,,,,10,,,,,,,,,,,,,,,,,,,,,,,,,,,,
16-May-21,184,980,16,Sun/No fert/No thin,70,15,20,25,,15,,10,1,,,2,5,,,,,,,,,,,,,,10,,,,,,,,,,,,,,,,,,,,,,,,,,,,
16-May-21,185,980,16,Sun/No fert/Thin,70,30,30,30,5,,,3,1,5,,3,,2,,,,,,,15,,,,,,,,,,,,,,,,,,,,,,,,,,,,,,,,,,5
16-May-21,186,980,16,Shade/Fert/Thin,40,60,80,20,,20,,3,,,,8,,1,,,,,,,15,,,,,,5,,,,,,,,5,,,,,,,,,,,,,,,,,,,,
16-May-21,187,980,16,Sun/Fert/Thin,70,30,60,,,25,,15,,t,,,5,t,,,,,1,,20,,,,,,5,,,,,,,,10,,5,,,,,,,,5,,,5,,,,,,,
16-May-21,188,980,16,Amb/Fert/No thin,t,100,40,30,,15,,15,,,,5,,,,,,,,,5,,,,,,,,,,,,,,,,,,,,,,,,,,,,,,,,,,
16-May-21,189,980,16,Amb/No fert/Thin,60,40,100,10,,40,,15,,3,,3,,,,,,,7,,20,,,,,,15,,,,,,,,,,,,,,,,,,,,,,,,,,,,
16-May-21,190,980,16,Shade/No fert/No thin,60,30,20,5,,35,10,15,,,,,t,,,,,,,,10,,,,,,10,,,,,,,,,,,,,,,,,,1,,,,,,,,,,
16-May-21,191,980,16,Amb/Fert/Thin,50,50,60,,,30,,15,,,,1,,,,,,,2,,15,,,,,,5,,,,,,,,,,1,,,,,,,,15,,,,,,,,,,
16-May-21,192,980,16,Amb/No fert/No thin,t,100,40,40,10,15,5,15,,,,10,5,,,,,,,,15,,,,,,,,,,,,,,,,,,,,,,,,,,,,,,,,,,
16-May-21,193,981,17,Shade/Fert/Thin,t,40,35,50,,,,,,,,,,,,,,,,,,,,,60,,,,,,,,,,,,,,,,,,,,,,,2,,,,,,,
16-May-21,194,981,17,Shade/No fert/Thin,t,100,110,45,,,10,,5,,,t,,,,,,5,,,,,,,,,,,,,,,,,,,2,,,,,,,,,,,,,,,,,,
16-May-21,195,981,17,Sun/Fert/No thin,t,100,60,45,,,5,,,5,,,,,,,,,,,,,,,25,,3,3,,,,,,,,,,,,,,,,,,,,,,,,,,,
16-May-21,196,981,17,Shade/No fert/No thin,t,100,120,50,5,,2,,1,,,,,,,,,,,,,,,,,,,,,,,,,,,,,,,,,,,,,,,,,,,,,,
16-May-21,197,981,17,Amb/Fert/Thin,t,100,120,40,5,,,,1,,,,,,,,,,,,,,,,,,,,,,,,,,,,,,,,,,,,,,,1,,,,,,,
16-May-21,198,981,17,Amb/No fert/Thin,t,100,110,30,,,5,,1,,,,,,,,3,,,,,,,,10,,,,,,,,,,,,,,,,,,,,,,,,,,,,,,
16-May-21,199,981,17,Shade/Fert/No thin,t,100,60,30,30,,2,,t,,,t,,,,,,,,,,,,,,,,,,,,,,,,,t,,,,,,,,,,,8,,,,,,,
16-May-21,200,981,17,Sun/No fert/No thin,t,100,80,40,,,t,,,2,,,,,1,,,,,,,,,1,,,,,,,,,,,,,,,,,,,,,,,,,,,,,,,
16-May-21,201,981,17,Sun/No fert/Thin,t,100,80,35,,,5,,1,,,t,,,,,,5,,,,,,1,,,,,,,1,2,,,,,t,,,,,,,,,,,,,,,,,,
16-May-21,202,981,17,Amb/No fert/No thin,t,100,30,30,5,,7,,,,,,,,,,,,,,,,,2,,,,,,,,,,,,,,,,,,,,,,,,2,,,,,,,
16-May-21,203,981,17,Sun/Fert/Thin,t,100,150,30,,,2,,,,,,,,,,,,,,,,,,15,,,,,,,,,,,,,,,,,,,,,,,,,,,,,,
16-May-21,204,981,17,Amb/Fert/No thin,t,100,90,20,5,,2,,,2,,,,,,,,,,,,,,,,,,,,,,,,,,,t,,,,,,,,,,,,,,,,,,